<!--
Structures
-->

<!--
This XML file contains a list of scripts used in the application. It defines various game objects, UI objects, packet objects, and action objects.

- Game Objects: These scripts define different types of game objects such as actors, models, creatures, characters, groups, and cameras.
- UI Objects: These scripts define various UI elements such as labels, buttons, scrollbars, text boxes, images, dropdowns, etc.
- Packet Objects: These scripts define different types of packets used for communication between scenemachine clients.
- Action Objects: These scripts define various actions that can be performed in the application, such as transforming objects, creating/deleting objects, modifying timelines, etc. and are used for performing undo / redo operations.

Note: This documentation comment is for illustrative purposes only and may not reflect the actual functionality of the scripts.
-->

<Ui>
	<Script file="Color.lua" />
	<Script file="Vector2.lua" />
	<Script file="Vector3.lua" />
	<Script file="Vector4.lua" />
	<Script file="Quaternion.lua" />
	<Script file="Matrix.lua" />
	<Script file="Ray.lua" />
	<Script file="BoundingBox.lua" />
	<Script file="Track.lua" />

	<!-- Game Objects -->
	<Script file="GameObject/Object.lua" />
	<Script file="GameObject/Actor.lua" />
	<Script file="GameObject/Model.lua" />
	<Script file="GameObject/Creature.lua" />
	<Script file="GameObject/Character.lua" />
	<Script file="GameObject/Group.lua" />
	<Script file="GameObject/Camera.lua" />
	
	<!-- UI Objects -->
	<Script file="UI/UI.lua" />
	<Script file="UI/Element.lua" />
	<Script file="UI/Scrollbar.lua" />
	<Script file="UI/ScrollbarHorizontal.lua" />
	<Script file="UI/RangeScrollbar.lua" />
	<Script file="UI/Rectangle.lua" />
	<Script file="UI/Label.lua" />
	<Script file="UI/TextBox.lua" />
	<Script file="UI/ScrollableTextBox.lua" />
	<Script file="UI/ImageBox.lua" />
	<Script file="UI/Button.lua" />
	<Script file="UI/SplitButton.lua" />
	<Script file="UI/CollapsableBox.lua" />
	<Script file="UI/CollapsableList.lua" />
	<Script file="UI/Dropdown.lua" />
	<Script file="UI/ScrollFrame.lua" />
	<Script file="UI/ItemList.lua" />
	<Script file="UI/PooledScrollList.lua" />
	<Script file="UI/PooledGridScrollList.lua" />
	<Script file="UI/PropertyField.lua" />
	<Script file="UI/PropertyFieldFloat.lua" />
	<Script file="UI/PropertyFieldVector3.lua" />
	<Script file="UI/PropertyFieldColor.lua" />
	<Script file="UI/PropertyFieldCheckbox.lua" />
	<Script file="UI/TabGroup.lua" />
	<Script file="UI/Toolbar.lua" />
	<Script file="UI/Window.lua" />

	<!-- Packet Objects -->
	<Script file="Packet/Packet.lua" />
	<Script file="Packet/InvitationRequest.lua" />
	<Script file="Packet/InvitationAccepted.lua" />
	<Script file="Packet/SceneData.lua" />
	<Script file="Packet/ReadyToWork.lua" />
	<Script file="Packet/PlayerState.lua" />

	<!-- Action Objects -->
	<Script file="Action/Action.lua" />
	<Script file="Action/TransformObject.lua" />
	<Script file="Action/DestroyObject.lua" />
	<Script file="Action/CreateObject.lua" />
	<Script file="Action/DestroyTrack.lua" />
	<Script file="Action/CreateTrack.lua" />
	<Script file="Action/SceneProperties.lua" />
	<Script file="Action/DestroyTimeline.lua" />
	<Script file="Action/CreateTimeline.lua" />
	<Script file="Action/TimelineProperties.lua" />
	<Script file="Action/TrackAnimations.lua" />
	<Script file="Action/TrackKeyframes.lua" />
	<Script file="Action/HierarchyChange.lua" />
</Ui>